{
  "hash": "38f20ecd",
  "configHash": "78c1d265",
  "lockfileHash": "47f395bc",
  "browserHash": "38fbf2b2",
  "optimized": {
    "@angular/common": {
      "src": "../../../../../../node_modules/@angular/common/fesm2022/common.mjs",
      "file": "@angular_common.js",
      "fileHash": "a15b8adb",
      "needsInterop": false
    },
    "@angular/common/http": {
      "src": "../../../../../../node_modules/@angular/common/fesm2022/http.mjs",
      "file": "@angular_common_http.js",
      "fileHash": "6937f13f",
      "needsInterop": false
    },
    "@angular/core": {
      "src": "../../../../../../node_modules/@angular/core/fesm2022/core.mjs",
      "file": "@angular_core.js",
      "fileHash": "89bae4d6",
      "needsInterop": false
    },
    "@angular/forms": {
      "src": "../../../../../../node_modules/@angular/forms/fesm2022/forms.mjs",
      "file": "@angular_forms.js",
      "fileHash": "aa51786f",
      "needsInterop": false
    },
    "@angular/material/snack-bar": {
      "src": "../../../../../../node_modules/@angular/material/fesm2022/snack-bar.mjs",
      "file": "@angular_material_snack-bar.js",
      "fileHash": "8a1a2cd5",
      "needsInterop": false
    },
    "@angular/platform-browser": {
      "src": "../../../../../../node_modules/@angular/platform-browser/fesm2022/platform-browser.mjs",
      "file": "@angular_platform-browser.js",
      "fileHash": "9ab59dff",
      "needsInterop": false
    },
    "@angular/router": {
      "src": "../../../../../../node_modules/@angular/router/fesm2022/router.mjs",
      "file": "@angular_router.js",
      "fileHash": "d10a38f1",
      "needsInterop": false
    },
    "rxjs": {
      "src": "../../../../../../node_modules/rxjs/dist/esm5/index.js",
      "file": "rxjs.js",
      "fileHash": "08520814",
      "needsInterop": false
    }
  },
  "chunks": {
    "chunk-JUUM2L6A": {
      "file": "chunk-JUUM2L6A.js"
    },
    "chunk-EABPMJNA": {
      "file": "chunk-EABPMJNA.js"
    },
    "chunk-354KROLL": {
      "file": "chunk-354KROLL.js"
    },
    "chunk-ZAZBQFOJ": {
      "file": "chunk-ZAZBQFOJ.js"
    },
    "chunk-6EXQV4WU": {
      "file": "chunk-6EXQV4WU.js"
    }
  }
}